Title,Paragraph,Date
"Gen Zers make ‘difficult’ employees, managers say","Three-quarters of bosses find Generation Z workers a trifle difficult, a corporate survey has found. A poll of 1,344 managers and business leaders by ResumeBuilder.com found that 74 percent consider Gen Z employees more challenging than older staffers. Pressed for specifics, employers did not…","Fri, 30 Jun 2023 09:42:06 GMT"
"Grocers like Kroger, Walmart collect your shopping data. What I found when requesting mine","When you go grocery shopping, there's something more valuable to your grocer than the money you spend. Each time you use that loyalty card or grocery app, grocers get valuable insight into your spending habits and product preferences. They glean information about your education level, income,…","Fri, 30 Jun 2023 09:42:05 GMT"
Inflation in the 20 countries using the euro falls to 5.5% in June but that won't stop more interest rate hikes,"FRANKFURT, Germany -- Inflation in the 20 countries using the euro falls to 5.5% in June but that won't stop more interest rate hikes.","Fri, 30 Jun 2023 09:42:05 GMT"
Europe inflation slips to 5.5%,"FRANKFURT, Germany -- Inflation in Europe slid again in June but fell too slowly to offer much relief to shoppers grumbling over price tags or to stop more interest rate hikes that will raise the cost of borrowing across the economy. The annual rate of 5.5% was down from 6.1% in May in the 20…","Fri, 30 Jun 2023 09:42:05 GMT"
Use a loyalty card or digital coupon when grocery shopping? You're being tracked,"Have a loyalty card with a big grocer? Or maybe you’ve downloaded the app to take advantage of savings with digital coupons. Well, chances are it has not only tracked your purchases, but used your shopping habits to glean data about you like your income, education, ethnicity, and the number…","Fri, 30 Jun 2023 09:42:05 GMT"
New Zealand central bank calls for ‘increased vigilance’ for crypto not regulation,"The Reserve Bank of New Zealand (RBNZ) is increasing its monitoring of cryptocurrencies and stablecoins, the country’s central bank said on June 30. Ian Woolford, Director of Money and Cash at RBNZ, noted in the statement, “… a regulatory approach isn’t needed right now, but increased vigilance…","Fri, 30 Jun 2023 09:40:06 GMT"
Eurozone Inflation Data Unlikely to Support Euro,#unicreditresearch ,"Fri, 30 Jun 2023 09:40:04 GMT"
3 Blue-Chip Stocks That Have Big Investors Running for the Exit,"InvestorPlace - Stock Market News, Stock Advice &amp; Trading Tips Institutional investors once turned to these market stalwarts in times of trouble, but are now making them three blue-chip stocks to avoid. The post 3 Blue-Chip Stocks That Have Big Investors Running for the Exit appeared first on…","Fri, 30 Jun 2023 09:38:09 GMT"
These July 4th Apple MacBook Deals Are Already Prime Day Level Good,"With the 4th of July just a few days away and Amazon setting Prime Day shortly after, we’re in for a boatload of deals. And the excellent news is that you don’t need to wait to score an epic deal. Take Apple’s MacBook Air or MacBook Pro, for instance, both powerful laptops with the benefits of the…","Fri, 30 Jun 2023 09:38:09 GMT"
Europeans are the world’s heaviest drinkers: How do countries compare?,"Among the 10 countries that drink the most in the world, nine are in the EU. But there are big differences between nations. If you feel that Europeans drink a lot, your hunch is correct: people across the continent consume more alcohol than in any other part of the world. Each year in Europe,…","Fri, 30 Jun 2023 09:38:05 GMT"
"Air pollution deaths: Exhaust fumes are the biggest killer in Europe, new report finds","Air pollution is the largest environmental cause of mortality in Europe, according to a new study by the Barcelona Institute for Global Health. Transport, domestic activities and agriculture are the main contributors to air pollution-related deaths in European cities, a new study by the Institute…","Fri, 30 Jun 2023 09:38:05 GMT"
Bitcoin Cash’s new listing and Asia’s turn-up lands BCH here,"BCH was the unsung star of the market in the past week. Interestingly, the dominance has not stopped and here's what is responsible.","Fri, 30 Jun 2023 09:36:09 GMT"
"The working-from-home delusion fades. It is not more productive than being in an office, after all","migration is under way, from Zoom to the conference room. Wall Street firms have been among the most forceful in summoning workers to their offices, but in recent months even many tech titans—Apple, Google, Meta and more—have demanded staff show up to the office at least three days a week. For…","Fri, 30 Jun 2023 09:36:09 GMT"
"Mystery of lost cat found 9,000 miles from home finally solved","The mystery of a lost cat who was found wandering 9,000 miles from its home in Australia has finally been solved. Melvin the cat was found in Renfrewshire, Scotland, before he was picked up by the Scottish Society for the Prevention of Cruelty to Animals (SPCA). A local resident had been feeding…","Fri, 30 Jun 2023 09:36:06 GMT"
"Marjorie Taylor Greene compares Ukraine's forces to ""Nazi army""","Marjorie Taylor Greene has sparked controversy by accusing Ukrainian President Volodymyr Zelensky, who is Jewish, of having a ""Nazi army."" The House Republican made the comment via Twitter on Thursday, in response to Zelensky holding a meeting with Greta Thunberg and other environmental…","Fri, 30 Jun 2023 09:36:05 GMT"
"Bitcoin gains with all top 10 crypto, Fidelity confirms Bitcoin ETF bid, U.S. economy rebounds",Bitcoin gained along with all other top 10 non-stablecoin cryptocurrencies on Friday morning in Asia after data this week showed the U.S. economy expanded even in the face of repeated interest rate hikes. U.S. GDP grew faster than expected in the first quarter and initial jobless claims came in at…,"Fri, 30 Jun 2023 09:36:05 GMT"
Billionaire Ray Dalio Was 12 Years Old When He Bought His First Stock,"Billionaire investor Ray Dalio has had a passion for investing since he was a boy. Growing up on Long Island in the early 1960s, Dalio bought his first stock at age 12. He used the money he earned as a caddy to invest in Northeast Airlines, the only company he knew of that was selling for less…","Fri, 30 Jun 2023 09:36:04 GMT"
‘It’s become unbearable’: Texas workers toil through extreme heatwave,"Last week as the heat dome scorched Texas, Gloria Machuca arrived for work at a McDonald’s in Houston to find the air conditioning wasn’t working. The temperature inside the restaurant was similar to the temperature outside – at least 90F. It was 7.30am.. Temperatures would rise another 10 degrees…","Fri, 30 Jun 2023 09:34:04 GMT"
Five-Day Bank Holiday to Cleaning Up Debt: How Sri Lanka Is Steadying Its Economy After IMF Bailout,,"Fri, 30 Jun 2023 09:33:10 GMT"
Hot Temperatures to Return to Europe in July Amid Drought Alert,,"Fri, 30 Jun 2023 09:33:10 GMT"
Supreme Court’s Harvard Ruling Caps Chief Justice Roberts’ Long-held View on Race,,"Fri, 30 Jun 2023 09:33:10 GMT"
Bawag Slumps After Short Seller Petrus Says Payouts Should Halt,No second paragraph found,"Fri, 30 Jun 2023 09:33:10 GMT"
Bitcoin-Gold Correlation Plummets,"Sudden plunge in correlation between Bitcoin and gold, two assets traditionally seen as hedges against traditional market volatility, hints at seismic shift in their price dynamics The correlation between Bitcoin and gold has dropped to its lowest point in the past year, reflecting a major shift…","Fri, 30 Jun 2023 09:32:18 GMT"
XRPL Hits Massive NFT Milestone as XPUNKS Record 4M+ XRP Volume,"continues to make strides in the NFT scene, as NFT issuer XPUNKS finally hits 4 million XRP in secondary sales volume. The XRP Ledger (XRPL) is taking the NFT industry by storm eight months after entering the scene. In its most recent stride, the ledger just witnessed a secondary sales volume of 4…","Fri, 30 Jun 2023 09:32:17 GMT"
Shares of Overstock.com (OSTK) Jump 20% after Announcing Rebrand for Bed Bath and Beyond,"Coinspeaker Shares of Overstock.com (OSTK) Jump 20% after Announcing Rebrand for Bed Bath and Beyond On Thursday, June 29, the price of Overstock.com (NASDAQ: OSTK) shares skyrocketed by 20% and closed the day at $30.57. This happened the day after Overstock announced that it plans to change its…","Fri, 30 Jun 2023 09:32:12 GMT"
CME Group Unveils Plans of Launching Ether/Bitcoin Ratio Futures,"Coinspeaker CME Group Unveils Plans of Launching Ether/Bitcoin Ratio Futures On Thursday, June 29, the world’s leading derivatives platform CME Group announced plans to launch the ether/bitcoin (ETH/BTC) ratio futures subject to approval from the regulators. These futures will be cash-settled…","Fri, 30 Jun 2023 09:32:11 GMT"
Canadian Investment Fund Manager 3iQ to Work with Coinbase to Streamline ETH Staking,Coinspeaker Canadian Investment Fund Manager 3iQ to Work with Coinbase to Streamline ETH Staking Canadian digital asset investment fund manager with more than $881 million in AUM – 3iQ Corp – has announced a strategic collaboration with Coinbase Global Inc (NASDAQ: COIN) to offer Ether staking…,"Fri, 30 Jun 2023 09:32:11 GMT"
"Nike Announces Fiscal 2023 Q4 Results, Misses Profits Expectations","Coinspeaker Nike Announces Fiscal 2023 Q4 Results, Misses Profits Expectations While Nike (NYSE: NKE) surpassed estimates in its fiscal 2023 Q4 revenue, the company’s profit for the same quarter was short of expectations. For the first time in three years, the footwear manufacturing company missed…","Fri, 30 Jun 2023 09:32:10 GMT"
Melania Trump Releases US Independence Day-Inspired NFTs,"Coinspeaker Melania Trump Releases US Independence Day-Inspired NFTs Melania Trump, the former first lady of the United States and ex-president Donald Trump’s wife, recently released a set of NFTs inspired by the July 4th Independence Day holiday. It appears the Trump family is ready for rounds of…","Fri, 30 Jun 2023 09:32:10 GMT"
"Fidelity Investments Rejoins Race for Spot Bitcoin ETF after BlackRock, Others","Coinspeaker Fidelity Investments Rejoins Race for Spot Bitcoin ETF after BlackRock, Others Asset management firm Fidelity Investments has submitted another filing for a spot Bitcoin exchange-traded fund (ETF). Fidelity is making another play at a spot ETF after a previous rejection from the United…","Fri, 30 Jun 2023 09:32:09 GMT"
"The Netherlands publishes new export controls to restrict more ASML machines from export to China, starting September 1; ASML doesn't expect a “material impact”",No second paragraph found,"Fri, 30 Jun 2023 09:32:08 GMT"
China’s Sinopec Starts First Green Hydrogen Plant in Xinjiang,"Chinese oil giant Sinopec has begun producing green hydrogen at a plant in Xinjiang, using solar power to electrolyse water, the company announced on Friday. The facility is Sinopec’s first green hydrogen plant and has the capacity to produce 20,000 metric tonnes of hydrogen a year, it said in a…","Fri, 30 Jun 2023 09:32:07 GMT"
Price Blazing Ahead: Targets $130 Mark,"price is making its fourth attempt at breaking out from a crucial resistance area. Since resistances weaken each time they are touched, an eventual breakout seems likely. Besides the price action, the wave count and RSI reading are both bullish, increasing the likelihood that the breakout will be…","Fri, 30 Jun 2023 09:30:06 GMT"
Oil Updates,"HOUSTON: Oil prices edged higher on Friday with Brent poised for its first monthly gain this year, as a big drawdown in US oil stocks outweighed concerns that fuel demand will be dented further by more interest rate hikes, according to Reuters. Brent crude futures for September delivery rose 16…","Fri, 30 Jun 2023 09:30:06 GMT"
How Long Should Manchester United Wait For Jadon Sancho To Come Good?,"Signed for £75 million in the summer of 2021, 12 months later than initially planned, it is fair to say that Jadon Sancho’s time at Manchester United has been anything but easy. In his first season, Sancho saw the demise of Ole Gunnar Solskjaer, who was eventually relieved of his duties towards…","Fri, 30 Jun 2023 09:30:05 GMT"
Ex-Ohio House speaker sentenced to 20 years for role in $60m bribery scheme,"Former Ohio House Speaker Larry Householder was sentenced Thursday to 20 years in prison for his role in the largest corruption scandal in state history and taken immediately into custody, a judge declaring that “the court and the community’s patience with Larry Householder has expired.” The…","Fri, 30 Jun 2023 09:30:04 GMT"
"Bitcoin Stalls Below $31k, Is The Best Time To Buy Next Monday?","The Bitcoin and crypto market eagerly observed the expiry of the quarterly BTC and ETH options today (at 8:00 am UTC / 4:00 am EST). It was the second largest in history with a volume of 159,000 BTC options and 1.25 million ETH options with a total value of almost $7 billion. The market was…","Fri, 30 Jun 2023 09:28:05 GMT"
Aulon Naci: about Reverie,"Aulon Naci at CreativeMornings Tirana, Jun 23, 2023. Free events like this one are hosted every month in dozens of cities.","Fri, 30 Jun 2023 09:26:09 GMT"
Mittaria Animation Metaverse Begins to Take Shape,"As the impeccable Mittaria animation centered Metaverse continues to take shape, Web3 is once again buzzing over its latest series of developments. Over the last few days, news of the Genesis NFT collection has sparked chatter within the digital sphere, while an immersive new website and partner…","Fri, 30 Jun 2023 09:26:06 GMT"
Hong Kong slides into ninth place worldwide for IPOs after fundraising falls to 20-year low in first half of 2023,"Hong Kong fell to ninth place in a global ranking of IPO venues, but analysts are optimistic the city can repeat last year’s performance and make a strong comeback in the second half of 2023.","Fri, 30 Jun 2023 09:26:05 GMT"
FX Regulator: China's outstanding foreign debt $2.49 trln at the end-March vs $2.45 trln at the end-2022,No second paragraph found,"Fri, 30 Jun 2023 09:24:08 GMT"
"Mastercard's MTN network is groundbreaking, but crypto connection is unclear","The platform is specifically designed to handle transactions involving blockchain and digital assets, according to the company’s announcement. Raj Dhamodharan, head of crypto and blockchain at Mastercard, wrote: His announcement also notes that Mastercard is working on a project with certain…","Fri, 30 Jun 2023 09:24:05 GMT"
Inflation in Europe falls again in June,"Inflation in Europe slowed for the second straight month in June. Consumer prices in the 20 countries that use the euro rose 5.5% this month compared with a year ago, according to a preliminary estimate released by the European Union’s statistics agency Friday. That’s down from 6.1% in May.…","Fri, 30 Jun 2023 09:22:14 GMT"
"Airbnb Stock Still Looks Attractive to Value Buyers, Given Its Massive Free Cash Flow","Airbnb is generating large amounts of free cash flow as ""revenge travel"" remains popular. That makes ABNB stock popular with value buyers, including buying calls and shorting OTM calls.","Fri, 30 Jun 2023 09:22:12 GMT"
"Mostofa Sarwar Farooki’s ‘Saturday Afternoon,’ Bangladesh Oscar Entry ‘Hawa’ Set SonyLIV Debut (EXCLUSIVE)","SonyLIV has acquired exclusive streaming rights to acclaimed Bangladeshi films “Hawa” and “Saturday Afternoon” from Reliance Entertainment and Continental Entertainment PTE Ltd (CEPL). Directed by Mejbaur Rahman Sumon, “Hawa” follows the journey of an all-men team on a fishing trawler, whose…","Fri, 30 Jun 2023 09:22:11 GMT"
TrustNordisk Scores U.K. Deal for WW2-Set Drama ‘Before It Ends’ With ‘Games of Thrones’ Star Pilou Asbæk; Trailer Unveiled (EXCLUSIVE),"TrustNordisk has closed a U.K. deal on “Before It Ends,” a WW2-set drama with “Games of Thrones” star Pilou Asbæk, unfolding during the final stages of Nazi Occupation in Denmark. Signature Entertainment has bought U.K. rights to the movie. “Before It Ends,” whose trailer has just been unveiled…","Fri, 30 Jun 2023 09:22:11 GMT"
Karlovy Vary Film Festival Workshops Offer Launching Pad for New Filmmakers,"Spa town Karlovy Vary is known for more than healing waters to emerging filmmakers and producers from Central and Eastern Europe and the Middle East. Those on track to reach global audiences are well acquainted with the festival’s industry section, headlined by the Eastern Promises collection of…","Fri, 30 Jun 2023 09:22:11 GMT"
Karlovy Vary Film Festival Competition Features Mix of Poetic and Political Films,"The Karlovy Vary Film Festival, which takes place in an elegant spa resort in the Bohemian region of the Czech Republic, is set to get political during its 57th edition, but in a subtle way. “I am not sure if you can even use the word ‘subtle’ when talking about politics, but it doesn’t always…","Fri, 30 Jun 2023 09:22:10 GMT"
"Litecoin ready to double to $200 in ‘pre-halving rally,’ says crypto expert","often referred to as the “silver to Bitcoin’s gold,” Undergoes a halving event approximately every four years, reducing the block reward miners receive for validating transactions. This scarcity mechanism has historically led to price surges in the cryptocurrency market. The upcoming halving is…","Fri, 30 Jun 2023 09:22:10 GMT"
Working Hours vs Salary in different countries,,"Fri, 30 Jun 2023 09:22:09 GMT"
Prigozhin's villain origin story revealed,Wagner Group chief Yevgeny Prigozhin has revealed that his feud with Russia's Defense Minister Sergei Shoigu began at least five years ago when scores of his fighters were reportedly killed by U.S. airstrikes during the Battle of Khasham in Syria. The Russian businessman published a Telegram post…,"Fri, 30 Jun 2023 09:22:07 GMT"
"Eurozone Inflation Slows, but Underlying Price Pressures Persist","Europe’s economy, though more resilient than many forecasters had predicted, has still significantly weakened over the past 12 months, with a drop in inflation-adjusted wages and consumer confidence. Growth is expected to pick up, but further increases in interest rates could act as a brake on the…","Fri, 30 Jun 2023 09:22:04 GMT"
France Builds New Military Hospital In Preparation For War,"France Builds New Military Hospital In Preparation For War Via Remix News, On his second day in Marseilles, Tuesday, June 27, Macron announced that a new military hospital would be built on the Sainte-Marthe site by “the beginning of the next decade,” reports CNews. French President Emmanuel…","Fri, 30 Jun 2023 09:22:04 GMT"
Euro zone inflation falls again in June as energy prices tumble,"Inflation in the euro zone fell for a third straight month in June as the cost of fuel tumbled and increases in food prices slowed, a preliminary reading showed on Friday.","Fri, 30 Jun 2023 09:22:04 GMT"
Compete With Ethereum (ETH)? Analyst Makes Prediction on Top Smart Contract Platforms,"One anonymous crypto investor says Ethereum (ETH) rival Solana (SOL) still has what it takes to compete with the top smart contract platform. In a new InvestAnswers video update, the anonymous host tells his 444,000 YouTube subscribers that ETH’s market cap is worth 40 times more than SOL, but…","Fri, 30 Jun 2023 09:20:06 GMT"
Eurozone inflation falls to 5.5 per cent for June,No second paragraph found,"Fri, 30 Jun 2023 09:20:05 GMT"
Glencore chief says European investors too focused on ESG,#nagle ,"Fri, 30 Jun 2023 09:20:05 GMT"
Is sustainability the fashion industry's white whale?,"These days, it seems as though every clothing brand is marketed as ""sustainable,"" a welcome classification for the eco-conscious customer looking to shop a little greener. But upon further inspection, that crucial descriptor might actually serve as an example of ""greenwashing,"" or ""a form of…","Fri, 30 Jun 2023 09:20:04 GMT"
Fidelity deepens valuation cut for Reddit and Discord,"Fidelity has further slashed the estimated worth of its holding in social platform Reddit and chat app Discord as well as SaaS startup Gupshup, giving a preview into how the asset manager sees the impact of the ongoing slowdown in the public market on privately-held shares. Fidelity Blue Chip…","Fri, 30 Jun 2023 09:20:04 GMT"
"Hollywood actors, negotiating a new contract with studios, are prepared to strike","Hollywood actors, negotiating a new contract with studios, are prepared to strike With the writers strike underway, the contract between actors and major studios is set to expire at midnight. Negotiations have been going on for weeks — if there's no deal, actors could go on strike.","Fri, 30 Jun 2023 09:20:04 GMT"
"Despite inflation and rising interest rates, the U.S. economy is still strong","Despite inflation and rising interest rates, the U.S. economy is still strong Spending on travel and entertainment is up, even as Americans contend with stubborn inflation. One reason the economy is doing so well is that people keep spending money.","Fri, 30 Jun 2023 09:20:04 GMT"
YouTube limits ad blocker usage in new test,YouTube is running a new experiment to limit usage on ad blockers by asking users to turn it off or buy a premium subscription after three videos. Users on Reddit posted screenshots of the streaming service showing a warning sign to people using an ad-blocking extension on desktop as spotted first…,"Fri, 30 Jun 2023 09:20:04 GMT"
What happens when insurers can't get insurance?,What happens when insurers can't get insurance? What happens when insurers can't get insurance? Audio will be available later today. Homeowner insurance companies are leaving states facing increasing natural disasters made worse by climate change. The cost for those companies to get their own…,"Fri, 30 Jun 2023 09:20:04 GMT"
Morning news brief,"Audio will be available later today. The Supreme Court strikes down college affirmative action programs, and will rule on challenges to the student debt forgiveness plan. The contract between actors and studies expires at midnight.","Fri, 30 Jun 2023 09:20:04 GMT"
Traveling over the Fourth of July weekend? So is everyone else,"Traveling over the Fourth of July weekend? So is everyone else It seems perfect — the Fourth of July falls on a Tuesday this year, allowing for a nice long weekend to get away. But it might be a little too perfect: Record-setting numbers of people are predicted to travel in the coming days. AAA,…","Fri, 30 Jun 2023 09:20:04 GMT"
Legal Analyst Says This Aspect of SEC vs. Ripple Case Will Impact Other Crypto-Related Lawsuits,"MetaLawMan says the possibility of Judge Analisa Torres addressing XRP secondary market sales in the SEC vs. Ripple case will impact other crypto lawsuits. In a recent tweet, MetaLawMan, a crypto-friendly legal analyst, said the outcome of the SEC vs. Ripple’s lawsuit would potentially impact…","Fri, 30 Jun 2023 09:18:07 GMT"
but that won't stop central bank rate hikes,Inflation in Europe slid again in June but fell too slowly to offer much relief to shoppers grumbling over price tags or to stop more interest rate hikes that will raise the cost of borrowing across the economy. The annual rate of 5.5% was down from 6.1% in May in the 20 countries that use the…,"Fri, 30 Jun 2023 09:18:05 GMT"
Dutch semiconductor machine export restrictions to come into force in September,"THE HAGUE, Netherlands (AP) — Dutch companies that create machines that make advanced processor chips will be required to have an export license before they can be sold overseas starting in September, the government announced Friday. The new measure that was first announced in March, “is country…","Fri, 30 Jun 2023 09:18:05 GMT"
"Euro zone inflation slides more than expected in June, but core rate ticks higher","Euro zone inflation came in at 5.5% in June, according to preliminary data, lower than analyst expectations, but core inflation, which excludes energy and food, remains stubbornly high and rose to 5.4%. The figures will be closely watched by the European Central Bank, which hiked interest rates to…","Fri, 30 Jun 2023 09:18:04 GMT"
Italian Stocks Benchmark Heads for Highest Close Since 2008,,"Fri, 30 Jun 2023 09:17:24 GMT"
The US Supreme Court Power Grows as Public Confidence Shrinks: Big Take Podcast,,"Fri, 30 Jun 2023 09:17:24 GMT"
The Weekly Fix: The Fed Is Trying to ‘Get Smart’ on AI,,"Fri, 30 Jun 2023 09:17:24 GMT"
Foreigners Flock to Snap Up 18.75% Yield on India Low-Grade Bond,,"Fri, 30 Jun 2023 09:17:24 GMT"
Weekend PUMP Incoming? My Next 3 ALTCOIN Trades!,Sheldon the Sniper going live to show us which altcoins are about to make the biggest moves! Join him live if you want to make ...,"Fri, 30 Jun 2023 09:16:15 GMT"
Eurozone Inflation Fell More Than Expected in June Despite Rising Core Rate,"Eurozone inflation fell more than expected in June as energy prices fell further and food prices eased, though the core rate grew, complicating task of the European Central Bank as it considers how much further its hiking cycle has to go.","Fri, 30 Jun 2023 09:16:06 GMT"
Eight Artistic Masterpieces to Celebrate the Fourth of July,#georgewashington ,"Fri, 30 Jun 2023 09:16:05 GMT"
"Nancy Pelosi: ‘Americans deserve safe, efficient, and clean transportation’","Each Fourth of July, Americans gather with family and friends to celebrate all that makes our Nation exceptional. For generations, American infrastructure has been the envy of the world–from the roads and canals of the Gallatin Plan to the Transcontinental Railroad to the Interstate Highways.…","Fri, 30 Jun 2023 09:16:05 GMT"
What are ‘nature’s antidepressants’ and do they actually work? This expert sets the record straight,"Can sunshine, meditation and walking 10,000 steps a day cure all of your ailments? No, but they can help combat depressive symptoms. In a viral tweet from Dan Go, known as @FitFounder, on Twitter, the performance coach lists several of “nature’s antidepressants.” But are they real and do they…","Fri, 30 Jun 2023 09:16:05 GMT"
Binance’s Institutional Clients Remain Optimistic on Crypto Amid Tough Market,"Binance, the world’s largest cryptocurrency exchange by market value, said its institutional clients are optimistic on the outlook of crypto for the next year and beyond, according to a survey it conducted between March and May 2023. The study, conducted by Binance Research and Binance VIP &amp;…","Fri, 30 Jun 2023 09:14:05 GMT"
Can skills-based hiring increase women’s representation in Ieadership jobs?,"Women make up 46pc of entry-level workers but a quarter of C-suite roles across all sectors in Ireland. Manufacturing was the sector with the least women. According to the latest Labour Market Pulse report by IDA Ireland, LinkedIn and Microsoft Ireland, companies should focus on skills-based…","Fri, 30 Jun 2023 09:12:08 GMT"
Bitcoin realized price reaches a new peak for the year,"Quick Take Realized price is a metric that offers an average acquisition cost of the total coin supply on-chain. Historically, when Bitcoin’s value dips below the realized price, signified by the purple lines on the chart below, it has consistently indicated a market bottom. This trend has…","Fri, 30 Jun 2023 09:12:06 GMT"
‘I’m a pirate now.’ This viral Reddit thread recounts what Brits are giving up in the face of high inflation,"As bad as the inflation picture has been in the U.S., across the pond the experience has been far worse. In May, the United Kingdom’s year-over-year inflation rate was 8.7%, more than double the inflation rate that Americans are experiencing. Bank of England official Jonathan Haskel neatly summed…","Fri, 30 Jun 2023 09:12:05 GMT"
"The futuristic 2023 Mercedes-EQ EQS electric sedan offers up thrilling performance, high-tech luxury","The Mercedes-EQ EQS Sedan is an electric luxury car with futuristic technology and stunning driving dynamics. Pricing starts at $104,400. The world of electric luxury sedans is growing, and one of the newest additions in this lucrative segment is the Mercedes-EQ EQS Sedan. “EQ” is the electric…","Fri, 30 Jun 2023 09:12:05 GMT"
NerdWallet: How to use artificial intelligence to help you plan your next vacation,"This article is reprinted by permission from NerdWallet. Planning travel can be a daunting maze. Guidebooks, by their nature, send all readers to the same destinations. And web searches can yield an unhelpful mess of content. Yet some tech-savvy travelers are finding success using artificial…","Fri, 30 Jun 2023 09:12:05 GMT"
SVB Depositors Who Lost Their Money Win Court Victory,Silicon Valley Bank customers who saw their Cayman Islands deposits wiped down to zero have won a court ruling that could help them get their money back.,"Fri, 30 Jun 2023 09:12:05 GMT"
Next Avenue: A ‘loneliness loop’: How the American culture of busyness can increase isolation,"This article is reprinted by permission from NextAvenue.org. When Silvia Bellezza began researching busyness culture for a 2017 paper, she and her colleagues found that people who have this type of lifestyle ingrained into their professional routines are not seeking the luxurious things in life.…","Fri, 30 Jun 2023 09:12:04 GMT"
Nasdaq futures extend gains ahead of inflation data,"U.S. stock futures were mostly higher Friday as traders awaited PCE inflation data that may color the Federal Reserve’s thinking on interest rates. On Thursday, the Dow Jones Industrial Average DJIA, rose 270 points, or 0.8%, to 34122, the S&amp;P 500 SPX, increased 20 points, or 0.45%, to 4396, and…","Fri, 30 Jun 2023 09:12:04 GMT"
"Eurozone CPI MoM Flash Actual 0.3% (Forecast 0.3%, Previous 0%)",No second paragraph found,"Fri, 30 Jun 2023 09:10:10 GMT"
"Eurozone Unemployment Rate Actual 6.5% (Forecast 6.5%, Previous 6.5%)",No second paragraph found,"Fri, 30 Jun 2023 09:10:10 GMT"
"Eurozone Core CPI YoY Flash Actual 5.4% (Forecast 5.5%, Previous 5.3%)",No second paragraph found,"Fri, 30 Jun 2023 09:10:10 GMT"
"Eurozone CPI YoY Flash Actual 5.5% (Forecast 5.6%, Previous 6.1%)",No second paragraph found,"Fri, 30 Jun 2023 09:10:10 GMT"
Will there something called a bitcoinnaire?,No second paragraph found,"Fri, 30 Jun 2023 09:10:06 GMT"
"Bitcoin price briefly clears $31K as monthly, quarterly close nears","spiked through $31,000 on June 30 as a nearly $6 billion open interest expiry loomed. Data from Cointelegraph Markets Pro and TradingView showed BTC/USD hitting local highs of $31,268 on Bitstamp before returning lower. BTC price performance improved into a key quarterly options expiry event, the…","Fri, 30 Jun 2023 09:10:05 GMT"
"8 Starbucks slang terms you'll only know if you work there, according to former baristas","New hires are often called ""Green beans."" Starbucks Insider spoke to former Starbucks workers about the slang terms used to do their jobs. ""Green bean"" is a term they use for a new hire that's never worked for Starbucks before. One former barista said workers would make drinks ""extra hot"" or…","Fri, 30 Jun 2023 09:10:05 GMT"
I watched a dead composer perform at an augmented-reality concert. It shows how Apple could transform the entertainment business if it can take AR mainstream,"An audience member at the ""mixed reality"" show KAGAMI Ryan Muir/Tin Drum I attended a mixed-reality concert featuring a ghostly performance by the late Ryuichi Sakamoto. It had some technical hiccups that broke full immersion. But it shows the huge opportunity Apple has with AR. Ryuichi Sakamoto…","Fri, 30 Jun 2023 09:10:04 GMT"
My brother and I make 7 figures in revenue from our AI newsletter. Here's how ChatGPT helped us grow and bring in more money,"Right to left: Zain Kahn and his brother, Awais. Courtesy of Zain Kahn Zain Kahn and his brother, Awais, are the cofounders of the AI newsletter Superhuman. The newsletter brings in five figures in ad revenue monthly and has more than 300,000 subscribers. Their team uses AI to streamline processes…","Fri, 30 Jun 2023 09:10:04 GMT"
"I was fired by a client for using AI. I'm not going to stop because it's doubled my output, but I'm more clear about how I use it","A client stopped working with Tina Sendin after discovering she was using AI to write content, so she changed her approach to large language models. Tina Sendin Tina Sendin used the AI writing tool Jasper.ai to write articles for a project on a tight deadline. The longtime client discovered the…","Fri, 30 Jun 2023 09:10:04 GMT"
Ad agencies say they never liked Google video partners inventory,"The Adalytics report outlined many of the limitations of the Google video partners program that were identified by the holding company. Ads from dozens of major brands were analyzed and were found to be running in low-quality environments, such as within made-for-advertising websites, which are…","Fri, 30 Jun 2023 09:08:12 GMT"
Daily General Discussion and Advice Thread,No second paragraph found,"Fri, 30 Jun 2023 09:08:12 GMT"
Marketing winners and losers of the week,"The singer is poised to break $1 billion in gross billings from her “Eras Tour” concert series, which would see her surpass Elton John for the record. After adding more international shows, Swift will bring her concert total to 106 by next summer, when she’ll play a final show in London. And more…","Fri, 30 Jun 2023 09:08:12 GMT"
"Niantic lays off 230 employees, cancels NBA and Marvel games","Pokémon GO maker Niantic laid off 230 employees today, just one year after it laid off around 90 employees. During last year’s layoffs, Niantic canceled four projects, including a Transformers game. Some Niantic games will meet the same fate this time around. After four months in the App Store,…","Fri, 30 Jun 2023 09:08:12 GMT"
"Looking for a BDM with connections in the computer hardware arena, preferably in Australia",No second paragraph found,"Fri, 30 Jun 2023 09:08:12 GMT"
Guys What Happened with SPCE today? Today the launch went successful but the moment it started to come down it dropped 10%,No second paragraph found,"Fri, 30 Jun 2023 09:08:10 GMT"
Crime trends will shape voters in 2024,"With crime set to be a priority issue for voters heading into the 2024 election season, Democrats and Republicans are vying to control the narrative surrounding the contentious subject, presenting conflicting trends to cast blame on political rivals. In a nation as vast as the United States,…","Fri, 30 Jun 2023 09:08:09 GMT"
Putin was Never Under Attack,"Most of the news accounts of recent events in Russia have described Yevgeny Prigozhin, the head of the Wagner Group, as having mounted a ""failed rebellion,"" implying that he recklessly and repeatedly put his life at risk. Things look very different to those of us in the cyber-security community…","Fri, 30 Jun 2023 09:08:09 GMT"
Mike Roman flipping could be a catastrophe for Donald Trump,"A top official in Donald Trump's 2020 campaign team who was a key part of the fake elector scheme to overturn the results in favor of the former president is cooperating with federal prosecutors, according to reports. Mike Roman was director of Election Day operations for Trump's campaign. He has…","Fri, 30 Jun 2023 09:08:09 GMT"
Florida Tourism Rolls On Despite Travel Advisories and Political Battles,"Even as civil rights groups suggest travelers should rethink trips to the state because of policies enacted by its Republican lawmakers, it remains a tourism juggernaut. And some visitors say their spending actually supports opposition to the new laws. For months leading up to Jean Franco Rivera’s…","Fri, 30 Jun 2023 09:08:05 GMT"
China’s Economy Shows New Signs of Weakness,"An employee at a factory in China’s Anhui province on Friday. HONG KONG—Evidence of China’s flagging growth continues to roll in, raising questions about whether the government is doing enough to turn things around.","Fri, 30 Jun 2023 09:08:05 GMT"
Wall St. Foresees a Rosy 6 Months. Corporate America Isn’t So Sure,"As companies begin to report earnings and make forecasts, investors are looking for signs of resilience, while executives are playing cautious. Stubbornly high inflation, a debt ceiling brawl, a brief banking crisis and the prospect of even higher interest rates: The past six months brought much…","Fri, 30 Jun 2023 09:08:05 GMT"
Southwest Airlines Pilots Ask The Federal Government For The Right To Strike,"Southwest Airlines pilots have asked the federal government’s National Mediation Board to release them from negotiations. This would set the countdown clock to allow them to strike, which 99% of their members voted to authorize last month. While Delta pilots and others have been getting big…","Fri, 30 Jun 2023 09:08:05 GMT"
Microsoft-Activision Hearing Wraps Up as FTC Tries to Stop $75 Billion Deal,Microsoft and the Federal Trade Commission presented their final arguments Thursday in a closely watched hearing that could decide the fate of one of tech’s largest-ever acquisitions.,"Fri, 30 Jun 2023 09:08:04 GMT"
U.S. Stock Futures Rise Ahead of Key PCE Inflation Data,"U.S. stock futures rose on Friday as investors awaited key inflation data, with the tech-heavy Nasdaq outperforming in a continuation of the trend that has delivered the index its best first half of a year in four decades. Futures for the Dow Jones Industrial Average advanced less than 10 points,…","Fri, 30 Jun 2023 09:06:10 GMT"
Haru Invest Fallout: South African Crypto Platform Says Customers Can Only Access 76% of Crypto Holdings,"The South African crypto platform, Revix, said on June 28 that customers can now only access just over three-quarters (76%) of their crypto assets. Revix said the move to block customers’ access to 24% of their crypto assets was made after one of its primary service providers Haru Invest suspended…","Fri, 30 Jun 2023 09:06:06 GMT"
How ‘Nimona’ Helped Its Creator Explore His Emerging Identity,"The graphic novelist ND Stevenson wrote the trans allegory long before he came out. When it was time to adapt it for a new film, he was ready to go further. In the new Netflix animated film “Nimona,” the titular character makes its first appearance as a redheaded teenage girl before transforming…","Fri, 30 Jun 2023 09:06:05 GMT"
The Man Who Pictured Ghana’s Rise at Home and Abroad,"James Barnor, 93, at his home in London, is currently exhibiting his seminal photographs at the Detroit Institute of Arts.Credit...Kalpesh Lathigra for The New York Times James Barnor, Ghana’s first photojournalist and an influential fashion photographer in London, stars in a major survey at the…","Fri, 30 Jun 2023 09:06:05 GMT"
‘Silo’ Star Rebecca Ferguson On Doing An Apocalyptic Drama During The Pandemic And Working On Those Gigantic Sets,"The sci-fi thriller series Silo has wrapped its first season on Apple TV, where it debuted as the No. 1 drama in the history of streamer. And boy, do we have questions. Based on Hugh Howey’s trilogy of dystopian novels, Silo is the story of the last 10,000 people on Earth, whose mile-deep home…","Fri, 30 Jun 2023 09:06:05 GMT"
"Geraldo Rivera, Fox and Me","Geraldo Rivera has been a constant showman at Fox News for nearly a generation. Now, the curtain is falling. This news arrived to us, as so much news about Rivera does, via Rivera himself, thanks to an interview with The Associated Press, and a stream of Tweets in which he ruminates on his career,…","Fri, 30 Jun 2023 09:06:04 GMT"
Ethereum Founder: I Feel Bad That Solana is Getting ‘Hit’,Regulators in the U.S. have been been taking enforcement actions in full swing against crypto assets and companies involved in this sector. The SEC filed two back-to-back lawsuits earlier this month against crypto exchanges Binance and Coinbase for allegedly violating U.S. securities laws. The…,"Fri, 30 Jun 2023 09:04:09 GMT"
"Paris-based Gleamer, which develops AI software for radiologists, including its FDA-cleared BoneView, raised a €27M Series B, taking its total funding to €36M","Gleamer, a five-year-old French startup that has developed AI software to help radiologists diagnose and detect bone trauma lesions in scans, among other conditions, has raised €27 million ($29.5 million) in a Series B round of funding. Founded in 2017, Gleamer’s core flagship BoneView software,…","Fri, 30 Jun 2023 09:04:06 GMT"
“Baby Martell is here… the Pod’s not (yet)”,"Besties &amp; Yetis, we are so happy to report that Nick and Molly have a healthy baby boy and the family is doing fantastic. After a long labor, we’re extending paternity leave a few more days to give Nick this precious time with his family. The pod returns Wednesday, July 5th. Have a fantastic 4th…","Fri, 30 Jun 2023 09:02:16 GMT"
Chart Analysis 101: Spotting WINNING Trades like a PRO,"Sign up for Sniper School, Start Your Trading Journey Today: ...","Fri, 30 Jun 2023 09:02:09 GMT"
Georgia Parents Sue To Block State Law Which Limits Healthcare Access For Transgender Minors,"A lawsuit filed Thursday in federal court by a group of parents from Georgia is seeking to block a new state law that heavily restricts access to gender-affirming for minors, a move that comes less than two days before the law is set to take effect, as legal efforts have managed to successfully…","Fri, 30 Jun 2023 09:02:05 GMT"
England’s High Risk Approach Lets Australia Off The Hook In Cricket’s Biggest Series,"Just before Australia's best batter Steve Smith entered the hallowed turf of Lord's - cricket's most famous and beloved ground in Westminster, London, - he stopped, faced the terraces and closed his eyes. The robotic batter, who resembles something like a brick wall for beleaguered bowlers,…","Fri, 30 Jun 2023 09:02:04 GMT"
"French Connection: The Bloomberg Close, Asia Edition",,"Fri, 30 Jun 2023 09:01:04 GMT"
Apple Eyes Historic $3 Trillion Valuation Amid Big Tech Surge,,"Fri, 30 Jun 2023 09:01:04 GMT"
TikTok Dangles Zero Seller Fees Ahead of US Marketplace Debut,,"Fri, 30 Jun 2023 09:01:03 GMT"
"Russia's war economy staggers on, but an oil shock could prove fatal","Less than a week after the Wagner Group's attempted coup, uncertainty reigns in Russia. Opponents of Vladimir Putin are considering other threats to his leadership, including the economy. The oil price is a major hitch. For a few crazy hours last weekend, Vladimir Putin's presidency looked like it…","Fri, 30 Jun 2023 09:00:49 GMT"
Could a Dutch apology for empire and slavery set a royal trend?,"At the trade’s height in the 17th and 18th centuries, more than 1,000 enslaved people were taken to Suriname every year to work on sugar plantations, according to State and Slavery. More than 90% of the population in what was then a South American colony were enslaved and conditions were so harsh…","Fri, 30 Jun 2023 09:00:22 GMT"
New Zealand Reserve Bank Emphasizes ‘Vigilance’ in Crypto and Stablecoin Space,The Reserve Bank of New Zealand (RBNZ) made its stance clear on the regulatory approach towards crypto and stablecoins. The RBNZ acknowledged the significant risks and opportunities that arise from stablecoins and other private money innovations in a statement released Friday. The concerns come…,"Fri, 30 Jun 2023 09:00:17 GMT"
"Coinbase Attracts Customers With 4% Yield On USDC, Challenging Banking Giants","Coinbase, undeterred by the ongoing legal challenges posed by the US Securities and Exchange Commission, remains steadfast in its commitment to enhancing its services for crypto enthusiasts. Despite the regulatory hurdles, the renowned crypto exchange has taken a significant stride towards…","Fri, 30 Jun 2023 09:00:10 GMT"
Dutch curb chip equipment exports amid US pressure,"The Dutch government on Friday announced new rules restricting exports of certain advanced semiconductor equipment, a move that comes amid U.S. pressure on its allies to curb sales of high-tech components to China. ""We have taken this step in the interest of our national security"" said Trade…","Fri, 30 Jun 2023 09:00:06 GMT"
Paris Olympics site on fire as violence spreads across France,A fire raged at the construction of a swimming pool which will be used at the 2024 Olympics in Paris. Unrest has spread across ...,"Fri, 30 Jun 2023 08:58:08 GMT"
"Vitalik Buterin stakes only a modest portion of Ethereum, here’s why","Ethereum co-founder Vitalik Buterin stakes a small amount of his ETH due to concerns about security and the complexity of staying safe. Speaking on the Bankless Podcast, Buterin said he doesn’t stake all his Ethereum, only “a fairly small portion,” because staking safely on the network requires…","Fri, 30 Jun 2023 08:58:05 GMT"
HSBC: OPEC+/Saudi Arabian supply cuts will lead to a substantial deficit in 2H,No second paragraph found,"Fri, 30 Jun 2023 08:56:07 GMT"
China's May services trade deficit $19.1 bln vs $16.9 bln in April,No second paragraph found,"Fri, 30 Jun 2023 08:56:07 GMT"
FX Regulator: China Q1 final current account surplus $81.5 bln (prelim surplus $82 bln),No second paragraph found,"Fri, 30 Jun 2023 08:56:07 GMT"
"Bitcoin only accomodations site, AirBTC, is live",,"Fri, 30 Jun 2023 08:56:06 GMT"
Back In The Game,No second paragraph found,"Fri, 30 Jun 2023 08:56:06 GMT"
"July has historically been the best month for bitcoin (if we evaluate data since 2009) If we sample only the last 5 years, October would be the best, but July…",,"Fri, 30 Jun 2023 08:56:05 GMT"
Cream Finance exploiter moves nearly $500k,"The exploiter behind a past attack on Cream Finance has transferred nearly half a million in funds, security firm CertiK said on June 26. CertiK reported that the exploiter sent approximately 268 ETH ($496,000) to a separate Ethereum address. The transfer took place on June 26 at 5:33 p.m. UTC.…","Fri, 30 Jun 2023 08:56:05 GMT"
How to verify a Chinese company before getting into business with them,No second paragraph found,"Fri, 30 Jun 2023 08:54:11 GMT"
"How this giant, glowing geodesic dome became the show of the summer","Sonic Sphere looks like a futuristic Death Star, but the idea for the glowing concert orb goes all the way back to the 1970s. A curious UFO has landed inside The Shed in Manhattan. Read Full Story","Fri, 30 Jun 2023 08:54:05 GMT"
"POV: Gen Z lacks financial literacy, but we can use their favorite digital tools to help them learn","Financial literacy tools today must consider the unique economic factors and experiences facing our youngest generations. Social media is an undeniable part of Gen Z culture; 54% report using it for four or more hours daily, and 6% say social media is integral to their daily lives. Our smartphones…","Fri, 30 Jun 2023 08:54:05 GMT"
"Customers, employees say goodbye to Hegedorn's after 70 years",Hegedorn's Market closed its doors Thursday for the final time after 70 years at the corner of Ridge and Hard roads.,"Fri, 30 Jun 2023 08:54:04 GMT"
Kinross Gold Is Said to Reject Takeover Approach from Endeavour,"Endeavour Mining Plc made a takeover approach to rival Kinross Gold Corp. in recent months that was rebuffed by the Canadian company, according to people familiar with the matter. • None Trump ‘Standing Order’ to Declassify Not Found by DOJ, Intelligence Agency • None China’s Economic Woes Are…","Fri, 30 Jun 2023 08:54:04 GMT"
"These Stocks Are Moving the Most Today: Nike, Apple, Tesla, Nvidia, and More","Stock futures were edging higher Friday with traders awaiting the release of the personal-consumption expenditures price index, the Federal Reserve’s preferred measure of price-growth. Friday marks the last trading day of the second quarter, a period which has seen the S&amp;P 500 jump nearly 7% and…","Fri, 30 Jun 2023 08:52:11 GMT"
"Bitcoin Cash Explodes 33% to 14-Month High, Solana and Litecoin Soar 15% (Market Watch)","While BTC pushed toward $31,000 and even briefly surpassed that level, several altcoins have been on a massive roll in the past 24 hours. Bitcoin Cash stands out as the most notable performer, having surged by over 30% on a daily scale to over $300 for the first time in over a year. It’s BCH’s…","Fri, 30 Jun 2023 08:52:05 GMT"
European stocks rise ahead of eurozone inflation data report,No second paragraph found,"Fri, 30 Jun 2023 08:52:04 GMT"
AI watch: UK electoral warning and OpenAI’s move into London,"Artificial intelligence is either going to save humanity or finish it off, depending on who you speak to. Either way, every week there are new developments and breakthroughs. Here are just some of the AI stories that have emerged in recent days: The US company behind the ChatGPT chatbot, OpenAI,…","Fri, 30 Jun 2023 08:52:04 GMT"
Court injunction stops BBC from naming ‘high profile’ man accused of sex offences,"A man with an international public profile who is under investigation for alleged serious sexual offences has won a High Court bid for temporary anonymity ahead of a planned BBC broadcast. In a judgment on Thursday, Mrs Justice Collins Rice said the man, who has a “high public profile”, applied…","Fri, 30 Jun 2023 08:50:10 GMT"
"SEC-Coinbase Drama Unfolds, TV 30/6/2023","In Todays Headline TV CryptoDaily News: Binance loses European banking partner Binance is on the lookout for a new European banking partner after Paysafe Payment Solutions, a global payment service provider that offers a range of payment solutions for businesses and consumers, announced that it…","Fri, 30 Jun 2023 08:50:08 GMT"
China’s Industrial and Services Activity Slips Further in June,"Industrial activity fell in China for the third straight in June, official data showed on Friday. Other sectors were also weak, which adds pressure on financial policymakers to take stronger action to bolster the economy. China’s economy grew faster than expected in the first quarter, largely due…","Fri, 30 Jun 2023 08:50:05 GMT"
Stocks show resilience to wall of rates and inflation worries,"Global shares were steady on Friday as investors scrutinised inflation data from both sides of the Atlantic to cap a rollercoaster quarter for markets that upended bets on interest rates peaking. Oil was poised for its first monthly gain this year, as a big drawdown in U.S. oil stocks outweighed…","Fri, 30 Jun 2023 08:50:04 GMT"
Black Diamond rises on pricing $75M common stock offering,,"Fri, 30 Jun 2023 08:48:05 GMT"
Europe markets in green as investors await inflation numbers,,"Fri, 30 Jun 2023 08:48:05 GMT"
Germany unemployment rate rises to 5.7% in June,,"Fri, 30 Jun 2023 08:48:05 GMT"
Asia-Pacific markets mixed; yen on intervention watch,,"Fri, 30 Jun 2023 08:48:04 GMT"
Japanese yen weakens past 145 level to seven-month low,,"Fri, 30 Jun 2023 08:48:04 GMT"
"UK GDP shows 0.2% Y/Y growth in Q1, weakest in two years",,"Fri, 30 Jun 2023 08:48:04 GMT"
Revision,"Today, Jack talks about the recent action from the Supreme Court involving college Affirmative Action and the GDP revisions that depict resiliency from the American consumer. Topics discussed: The recent action from the Supreme Court involving college Affirmative Action The GDP revision that…","Fri, 30 Jun 2023 08:46:12 GMT"
"What are blue-chip NFTs, and how can we find them?","Blue-chip NFTs are nonfungible tokens that hold high value and are considered prestigious within the NFT market. Blue-chip nonfungible tokens (NFTs) are coveted for their reputation, quality and potential for long-term value appreciation, just like blue-chip stocks in conventional finance. These…","Fri, 30 Jun 2023 08:46:07 GMT"
Evergrande to Sell Insurance Arm Stake to State-Backed Firm,,"Fri, 30 Jun 2023 08:45:23 GMT"
Experts scoff at UK Lords' suggestion that AI could one day make battlefield decisions,"Experts in technology law and software clashed with the UK House of Lords this week over whether it was technically possible to hand responsibility for battlefield decisions to AI-driven weapons. During the AI in Weapon Systems Committee hearing on Thursday, the Lords struggled to draw the experts…","Fri, 30 Jun 2023 08:44:19 GMT"
"Chinese surveillance balloon used American tech, but U.S. says it didn't collect info","HONG KONG — The suspected Chinese spy balloon that flew over the United States early this year used commercially available, off-the-shelf technology that was American-made, according to three U.S. officials familiar with preliminary findings by the FBI. News of the findings came as the Pentagon…","Fri, 30 Jun 2023 08:44:10 GMT"
FX Regulator: China Q1 final capital and financial account deficit $76.3 bln (prelim deficit $82 bln),No second paragraph found,"Fri, 30 Jun 2023 08:42:09 GMT"
Russian Foreign Minister Lavrov: I see no arguments for Black Sea Grain deal extension,No second paragraph found,"Fri, 30 Jun 2023 08:42:09 GMT"
"PBoC surveyed some foreign banks about their dollar deposit rates, according to sources",No second paragraph found,"Fri, 30 Jun 2023 08:42:09 GMT"
North Carolina house approves bill to study potentially holding bitcoin,The lower house of North Carolina’s General Assembly has approved a bill that proposes the state’s Department of State Treasurer conducts a study to assess the feasibility and potential advantages of incorporating bitcoin into the state’s holdings. The study aims to explore the potential impact of…,"Fri, 30 Jun 2023 08:42:06 GMT"
Crypto endorsed at highest possible level,,"Fri, 30 Jun 2023 08:42:05 GMT"
Polkadot joins Cosmos’ Interchain: Is this a game changer?,"The Cosmos blockchain made an important announcement on 29 June. It announced that Polkadot was the latest to hop on the Interchain wagon. However, the bears kept ATOM busy as its price action failed to share any enthusiasm for the announcement.","Fri, 30 Jun 2023 08:40:12 GMT"
Ethereum is gaining investors’ confidence as go-to asset for passive income,"After the Shanghai upgrade enabled staked Ethereum (ETH) withdrawals, more people are choosing to lock up their coins in beacon deposit contracts, demonstrated by the fact that since the update, the amount of staked Ethereum has increased rapidly and set a new record. Specifically, the amount of…","Fri, 30 Jun 2023 08:40:12 GMT"
United Airlines travelers out of SFO face delays and cancellations,"Thousands of United Airlines flights have been delayed or canceled this week as the airline struggled with bad weather and staffing problems. While several airlines have seen issues, none have been harder hit than United as many travelers found out at San Francisco International Airport Thursday.…","Fri, 30 Jun 2023 08:40:11 GMT"
Starting a business with little business in web design,No second paragraph found,"Fri, 30 Jun 2023 08:40:11 GMT"
SEC vs Coinbase Case Set for July 13 After Exchange’s ‘Creative' Opening Response,"The date for the hearing is now much earlier than expected, prompted by a ""creative"" defense tactic employed by Coinbase, where in the exchange filed its first response 40 days before the deadline of August 7. According to the rules, the SEC had to file a response to Coinbase's defense by July 3.…","Fri, 30 Jun 2023 08:40:11 GMT"
"Elon Musk, Mark Zuckerberg Contacted by Italy to Fight at Colosseum",This will blow your mind -- an official from the government of Italy contacted Mark Zuckerberg about staging a UFC fight against Elon Musk at the most legendary battleground in the world ... Rome's Colosseum ... TMZ Sports has learned. Sources with direct knowledge tell us ... the Minister of…,"Fri, 30 Jun 2023 08:40:11 GMT"
"Exclusive-US, Dutch set to hit China's chipmakers with one-two punch","The United States and the Netherlands are set to deliver a one-two punch to China's chipmakers this summer by further restricting sales of chipmaking equipment, part of the countries' ongoing effort to prevent their technology from being used to strengthen China's military. While the Dutch are…","Fri, 30 Jun 2023 08:40:11 GMT"
AustralianDelivery.com For sale BIN : $2200,No second paragraph found,"Fri, 30 Jun 2023 08:40:11 GMT"
Can Canada make big tech pay for news?,The country is the latest front in a fight that analysts say has big stakes for news - and democracy.,"Fri, 30 Jun 2023 08:40:10 GMT"
"July Fourth travel: Passengers stranded amid delays, cancellations",,"Fri, 30 Jun 2023 08:40:09 GMT"
Joe Biden's awkward exit from MSNBC interview viewed 2 million times,"A short clip of President Joe Biden ending a TV studio interview by getting up and walking off set while the show was still live has gone viral. The video, of the closing seconds of an exclusive interview by Nicolle Wallace of MSNBC on Thursday, has been viewed 2.2 million times on Twitter as of 3…","Fri, 30 Jun 2023 08:40:09 GMT"
Kate Middleton's reference to Princess Charlotte during event goes viral,"Kate Middleton's recent visit to a London museum has become the subject of a new viral video, after the royal was filmed chatting to a group of school students about her children. Kate attended the opening of the refurbished Young V&amp;A Museum in South London on June 28, in her capacity as patron of…","Fri, 30 Jun 2023 08:40:08 GMT"
"Charlie Munger Says US Nearing 'Mild' Recession, But It Won't Be 2008 All Over Again","Charlie Munger, the 99-year-old billionaire and vice chairman of Berkshire Hathaway Inc., expressed his concerns about the United States heading toward another fiscal crisis. In an interview with the Financial Times, Munger highlighted the problematic situation of commercial property loans held by…","Fri, 30 Jun 2023 08:40:05 GMT"
SAIC's MG Motor brand launches new electric vehicle leasing offer in France,"MG Motor, owned by Chinese company SAIC Motor , on Friday announced a new leasing offer whereby drivers in France can get for 99 euros ($107.6) a month its MG4 electric car, matching a scheme the French government would like to see benefiting cars made in Europe.","Fri, 30 Jun 2023 08:40:05 GMT"
Czech Film Commissioner On Restructuring The Country’s Production Incentive & Managing The “Huge” International Demand To Shoot In The Country,"As the 57th edition of the Czech Republic’s Karlovy Vary International Film Festival (KVIFF) kicks off Friday, there will be renewed interest in the central European country’s local industry, particularly the curious case surrounding its incentive program for international productions. The Czech…","Fri, 30 Jun 2023 08:38:05 GMT"
Fidelity Officially Submits Its Spot Bitcoin ETF Application,Fidelity has joined the other US companies to resubmit its application for a Bitcoin spot exchange-traded fund (ETF) called Wise Origin Bitcoin Trust. The asset management giant officially filed its paperwork for the spot Bitcoin ETF with the Securities and Exchange Commission (SEC) yesterday…,"Fri, 30 Jun 2023 08:38:05 GMT"
Climate groups accept millions from charity linked to fossil fuel investments,"Some of the world’s best-known climate campaign groups have taken millions of pounds in donations from a foundation run by billionaire hedge fund bosses whose investment fund has invested in fossil fuel companies, the Guardian has learned. Groups including the European Climate Foundation, the…","Fri, 30 Jun 2023 08:38:04 GMT"
"Cheaper competition for Humira is hitting the market, but savings will depend on your insurance","Patients who take the autoimmune disease treatment Humira may see some price relief when several lower-cost, biosimilar versions of the AbbVie drug reach the U.S. market in July.","Fri, 30 Jun 2023 08:37:09 GMT"
"Mixtape sites democratized releasing music in the CD era, but with the rise of streaming they face the challenge of archiving music that isn't necessarily legal","Clockwise from top left: Adam Riding for The New York Times; Jared C. Tilton/Getty Image; Charles Sykes/Invision, via Associated Press; J. Emilio Flores for The New York Times Clockwise from top left: Adam Riding for The New York Times; Jared C. Tilton/Getty Image; Charles Sykes/Invision, via…","Fri, 30 Jun 2023 08:36:06 GMT"
Dollar set for strong quarterly gains as Powell stays hawkish,"Investing.com - The U.S. dollar stabilized in early European trade Friday, but is on course to record strong quarterly gains as traders anticipate the U.S. Federal Reserve raising interest rates further as the year progresses. At 02:00 ET (06:00 GMT), the , which tracks the greenback against a…","Fri, 30 Jun 2023 08:36:04 GMT"
OH SHIT ……………… [my trade],CLICK HERE https://taskon.xyz/campaign/detail/6133 ⏰ Deposit $100 to BYBIT ROLEX GIVEAWAY ...,"Fri, 30 Jun 2023 08:34:08 GMT"
US senator pushes tech companies to label AI-generated content,"The United States Democrat Senator Michael Bennet urged tech companies in a letter to label AI-generated content, along with monitoring any misleading content produced by AI. On June 29, the letter was sent to executives of major tech companies involved with AI including the maker of ChatGPT -…","Fri, 30 Jun 2023 08:32:06 GMT"
Sead Kazanxhiu: about Aceptance,"Sead Kazanxhiu at CreativeMornings Tirana, May 19, 2023. Free events like this one are hosted every month in dozens of cities.","Fri, 30 Jun 2023 08:30:09 GMT"
Record ESG Bonds Sold by Japan Firms as Government Set to Debut,,"Fri, 30 Jun 2023 08:29:28 GMT"
Chinese natural sweetener producers’ stocks surge as aspartame report fuels speculation of replacement demand,"Stocks of makers of natural sweeteners rose after a report said the World Health Organization is set to declare aspartame, a manufactured sugar used in the food and beverage industry, as possibly carcinogenic.","Fri, 30 Jun 2023 08:28:29 GMT"
UK amends Online Safety Bill to mandate age verification for porn,"The bill will allow UK regulators to hold top tech executives of companies ‘personally responsible’ for keeping children safe on their platforms. In eleventh-hour amendments to the Online Safety Bill, UK lawmakers have bolstered protections for children by requiring porn websites to verify a…","Fri, 30 Jun 2023 08:28:29 GMT"
The yuan is likely to remain basically stable in the 2H,No second paragraph found,"Fri, 30 Jun 2023 08:28:23 GMT"
Xpeng Shares Rise Sharply Amid Launch of Lower-Priced G6 Model,"Electric vehicle company XPeng Inc.’s Hong Kong-listed shares are sharply higher Friday, after the company announced the launch of its new G6 sport-utility vehicle.","Fri, 30 Jun 2023 08:28:09 GMT"
China Far Outranks the U.S in High-Speed Rail. Here’s Why,#wsj ,"Fri, 30 Jun 2023 08:28:09 GMT"
"Kerser, Dave & Central Cee Lead Australia’s Charts","Hip-hop is bouncing on Australia’s charts as homegrown rapper Kerser lifts the albums chart crown for the first time, and Brits Dave and Central Cee retain the singles title. Kerser’s A Gift &amp; A Kers (via ABK/ADA) debuts at No. 1 on the ARIA Albums Chart, published Friday, June 30, for his eighth…","Fri, 30 Jun 2023 08:26:14 GMT"
Why you could be filling your gas tank with American corn or even Brazilian sugar cane,"As the calendar flips to July, a long-awaited federal policy will kick in aimed at cutting the amount of pollution from cars and trucks, while trying to keep prices at the pump affordable. The clean fuel regulations were first proposed in 2016, but they've faced delays and revisions along the way.…","Fri, 30 Jun 2023 08:26:10 GMT"
Barclays Investment Accounts,No second paragraph found,"Fri, 30 Jun 2023 08:26:08 GMT"
"Ron DeSantis' pizza eating sparks avalanche of jokes, memes: ""Assaults it""","Ron DeSantis' appearance at a Manhattan restaurant for ""Jesse Watters Primetime"" on Thursday, where he shared a pizza with the Fox News host, has sparked a series of jokes and memes on social media, with critics mocking the governor for the way he tackled a slice. DeSantis, who announced his 2024…","Fri, 30 Jun 2023 08:26:05 GMT"
First Mover Asia: Large Bitcoin Holders Content to Hold Long Positions Amid Regulatory Turmoil,"“What’s striking to observe is how the digital asset industry continues to rebound from negative news,"" CJ Reim, co-founder and managing partner at venture capital firm Amity Ventures and a contributor to Core DAO, wrote in an email to CoinDesk. ""Despite regulatory uncertainty in the US and…","Fri, 30 Jun 2023 08:26:05 GMT"
"""Life In The UK Is Becoming Completely Unlivable""","""Life In The UK Is Becoming Completely Unlivable"" - Brexiteer Farage Is Being Systemically Un-Banked Despite winning the ""news presenter of the year"" award, Nigel Farage has mixed feelings this week. In the following clip, he reveals his concern about a recent development that may significantly…","Fri, 30 Jun 2023 08:26:05 GMT"
What Makes a Diva?,"Cher, Elton John and Diana Ross in 1975, one of the images on display at the Victoria and Albert Museum’s show, “Diva.” A new exhibition at the Victoria and Albert Museum, in London, tracks the term’s shifting meanings from the 19th-century opera house to the stadium gigs of today. A “diva” could…","Fri, 30 Jun 2023 08:24:05 GMT"
Fertifa enables companies to offer fertility and reproductive health benefits,"The number of workplaces offering fertility and reproductive healthcare benefits are on the rise. Doing so can help companies become more competitive employers and bolster diversity, equity and inclusion efforts, for example by attracting more women and LGBTQ+ people. Based in London, Fertifa…","Fri, 30 Jun 2023 08:24:04 GMT"
70% Rally Has Fundamental Reasoning Behind It,"Bitcoin Cash saw solid price surge, and many market participants do not know what's going on Bitcoin Cash (BCH) made headlines this past week, enjoying a staggering 70% rally. But this is not a random surge; there is a fundamental reason behind it. The crypto coin has been riding the waves of its…","Fri, 30 Jun 2023 08:22:05 GMT"
Ex-Ohio House speaker sentenced to 20 years for bribe scheme,"By Julie Carr Smyth | Associated Press CINCINNATI — Former Ohio House Speaker Larry Householder was sentenced to 20 years in prison on Thursday for his role in the largest corruption scandal in state history. The 64-year-old Republican appeared before U.S. District Judge Timothy Black, who meted…","Fri, 30 Jun 2023 08:22:04 GMT"
"Thousands forced to wait hours at Houston airport after hundreds of delays, cancellations","Thousands of travelers at George Bush Intercontinental Airport (IAH) in Houston were left stranded after hundreds of flights were delayed or canceled Thursday, an inconvenience that comes right before the July 4th holiday. According to Flight Aware, 106 flights were canceled flying to or from IAH…","Fri, 30 Jun 2023 08:20:05 GMT"
Brickbat: We Can't Handle the Truth,"Two years after Canadian officials announced the graves of 215 children had been found on the grounds of a former Indian residential school in Kamloops, British Columbia, no human remains have actually been discovered. And some in the government don't like how critics keep pointing that out. In a…","Fri, 30 Jun 2023 08:18:06 GMT"
The President Falls into the ‘Bidenomics’ Trap,Republicans couldn’t have made the case against Biden’s economic agenda better if they’d tried.,"Fri, 30 Jun 2023 08:14:17 GMT"
Why the White House’s compelling pitch on ‘Bidenomics’ matters,"Sen. Marsha Blackburn published a tweet last week on economic policy, which was odd, even for her. The Tennessee Republican, who’s a little too fond of far-right conspiracy theories, wrote, “A reminder that our economy was on the rise when Joe Biden took office. The economic crisis we’re facing is…","Fri, 30 Jun 2023 08:14:17 GMT"
You Should Be Getting Paid to Prevent Heat Wave Power Outages,"AUSTIN, Texas — A record-setting heat dome is smothering Texas and neighboring states with no sign of letting up any time soon. Heat like this burns bare feet on sidewalks and pool decks, and sears hands on steering wheels. Trees and power lines are sagging as branches weaken and metal wires…","Fri, 30 Jun 2023 08:14:17 GMT"
Xi’s Plan for China’s Economy Is Doomed to Fail,"The Beginning of the End for Putin? Prigozhin’s Rebellion Ended Quickly, but It Spells Trouble for the Kremlin","Fri, 30 Jun 2023 08:14:17 GMT"
How United Became This Week’s Most Incompetent Airline,"The U.S. air travel industry is wading through yet another rough week. Since Saturday, major carriers have delayed or canceled tens of thousands of domestic flights as brutal thunderstorms, wildfire smoke, and otherwise extreme weather conditions blanketed the Northeast, Midwest, and South.…","Fri, 30 Jun 2023 08:14:16 GMT"
Why This Week's Delayed Flights Are Just the Beginning of Worse,"Summer travel is back. So back, in fact, that the federal Transportation Security Administration is projecting that more folks will be boarding flights this summer than in 2019. Between Thursday and July 5, it’s expecting to screen almost 18 million travelers. Just how many of them will make it to…","Fri, 30 Jun 2023 08:14:16 GMT"
Rebellion at Fed: Can It Avoid the Next Bank Collapse?,"Bank regulation gets far fewer headlines than monetary controls, but it has just as much to do with the future of the economy. Every financial conflagration over the last century has been followed by a soul-searching review of how it could have been prevented, followed by adjustments in regulation…","Fri, 30 Jun 2023 08:14:15 GMT"
Timeless Investor Lessons As Another Fraudster Goes to Jail,"Another fraudster goes to jail, presenting some timeless lessons for investors. Here is a headline that caught our eye today, and whether this says more about us or the general nature of the summer slow-news stretch, we will let you decide: “Man Is Sentenced in $9 Million Cow Manure Ponzi…","Fri, 30 Jun 2023 08:14:14 GMT"
Google? More like Screw-gle: The search giant’s ad-market scams,"If you google “does Google manipulate the digital ad market,” you know what you won’t find in that crucial first page of results? A new, blockbuster Wall Street Journal report showing that, in fact, the tech behemoth does just that. That’s right! Not content with having eaten the sell-side of the…","Fri, 30 Jun 2023 08:14:13 GMT"
The money issue stressing Americans out the most,"If you're stressed about money, you're not alone. A survey by Bankrate published in June found that 52% of adults in the U.S. said ""money has a negative impact on their mental health, including causing stress."" Of all money-related issues, the one that's the biggest thorn in Americans' side,…","Fri, 30 Jun 2023 08:14:13 GMT"
Rent control 2.0 looks a lot like rent control 1.0,Rent control is getting a rhetorical makeover from progressive policy makers.,"Fri, 30 Jun 2023 08:14:13 GMT"
Student Debt Forgiveness Is Deeply Misguided,No second paragraph found,"Fri, 30 Jun 2023 08:14:12 GMT"
Europe’s Crisis: Blame Green Energy Policy,"The year 2022 was an energy disaster for Europe. Citizens and businesses suffered from astronomical prices for natural gas and electricity, sky-high home energy bills, shuttered industrial plants, and bankrupt companies. Observers have blamed COVID-19 supply chain disruptions and the Russian…","Fri, 30 Jun 2023 08:14:12 GMT"
Why Old Accounts Receivable Systems Cost Firms New Business,"There’s a reason that business processes get the “consumer” treatment, not the other way around. And it isn’t just because the cart can’t drive the horse. As it relates to end-user purchasing experiences, “[those of] consumers are just dramatically more streamlined than the experience business…","Fri, 30 Jun 2023 08:14:12 GMT"
AI Hype: Smoke and Mirrors,"An interesting Twitter thread offers a sobering counter-narrative to the hype around “AI” applications. It is sobering because the media headlines are either dominated by “fear and loathing for AI” or full of hype around apps that are overnight sensations. For example, Lensa, a popular AI portrait…","Fri, 30 Jun 2023 08:14:12 GMT"
"Consumers Purchase Groceries at Walmart, Saving Pricier Item Spend for Amazon","Walmart’s strength may lie in its numbers, as its purchase rate far beats its closest competition. In-person shopping beats online in how often consumers shop at the world’s largest two retailers, as consumers turn to Walmart for groceries and Amazon for less frequent but more expensive purchases.…","Fri, 30 Jun 2023 08:14:12 GMT"
This is a Big Deal: Business Investment is Rising Again,"We’ve been getting a string of “economic surprises” from the consumer side for several months now. Employment data is a prime example, with monthly payroll gains coming in above expectations for 14 straight months. For a change, we just got some good news from the business side, particularly…","Fri, 30 Jun 2023 08:14:11 GMT"
FinTech IPO Gains 1.5% as Opendoor Surges on Sell-Side Enthusiasm,"The platforms surged — many of them anyway. And yet the FinTech IPO Index was up a muted 1.5% headed into the end of the second quarter and headed into a trading week that will be shortened by the July Fourth holiday. Opendoor was up 28.7%. As noted by sites such as Investing.com, JMP Securities…","Fri, 30 Jun 2023 08:14:11 GMT"
A Tight Economy Calls for Spend Management Automation,"A troubled economy continues to take its toll on small to midsized businesses (SMBs). Just half of small business banking customers are now considered financially healthy. Of the rest, half are cash- or capital-constrained, and half are financially vulnerable. As a result, businesses are trying…","Fri, 30 Jun 2023 08:14:11 GMT"
"Real Yields Challenge New Highs, Watch Out Gold","From the Desk of Ian Culley @IanCulley If there’s one market description I’ve grown tired of more than others – it’s “messy.” It’s my pain trade. Interest rates, the US dollar, crude oil, gold – you name it! – all are trendless and range-bound. One of our viewers during yesterday’s live What the…","Fri, 30 Jun 2023 08:14:11 GMT"
Here's the stock market’s top performers in Q2,"Cruise lines topped the market in the second quarter. Why it matters: The soaring sentiment buoying cruise operators suggests investors don't expect the American consumer to pull back on spending. The latest: Earlier this week, Carnival Cruise reported that fiscal Q2 revenues doubled compared with…","Fri, 30 Jun 2023 08:14:10 GMT"
Do Equity Markets Warrant Caution Ahead?,1969 is often remembered as one of the biggest years in pop culture history. Broadway Joe Namath guaranteed his upstart AFL Jets would win the Super Bowl—and then went out and did just that. The Beatles played together in public for the last time on a London rooftop. Neil Armstrong took one small…,"Fri, 30 Jun 2023 08:14:10 GMT"
"Spanish Current Account Balance Actual 1.84B (Forecast -, Previous 5.58B)",No second paragraph found,"Fri, 30 Jun 2023 08:14:10 GMT"
"Norwegian Unemployment Change Actual 62.08k (Forecast -, Previous 61.43k)",No second paragraph found,"Fri, 30 Jun 2023 08:14:10 GMT"
"Norwegian Unemployment Rate NSA Actual 1.7% (Forecast 1.8%, Previous 1.7%)",No second paragraph found,"Fri, 30 Jun 2023 08:14:10 GMT"
"Italian Unemployment Rate Actual 7.6% (Forecast 7.9%, Previous 7.8%)",No second paragraph found,"Fri, 30 Jun 2023 08:14:10 GMT"
Bitcoin Standard is on sale for £2.99 today for Audible UK members,No second paragraph found,"Fri, 30 Jun 2023 08:14:06 GMT"
"Karlovy Vary Fest’s Artistic Director on This Year’s Submissions Increase, His Focus on a Diverse Lineup and Ensuring Stars Have It “as Nice as Possible”","With Europe gearing up for the start of the official summer holiday season, cineasts, casual film fans, industry insiders and stars alike are once again getting ready to descend on the Czech spa town of Karlovy Vary. After all, whether they are from the Czech Republic, Hollywood or elsewhere, the…","Fri, 30 Jun 2023 08:14:05 GMT"
Rebuilding Ukraine after the war could cost $411 billion. The EU thinks an estimated $3 billion interest generated from frozen Russian assets every year could…,"Russian President Vladimir Putin. Mikhail Klimentyev/Sputnik/AFP The EU is considering using the interest generated from frozen Russian assets to help rebuild Ukraine, per CNN. The bloc has been considering seizing frozen Russian assets for this purpose since last year. However, there have been…","Fri, 30 Jun 2023 08:14:05 GMT"
Maybe the Recession Already Started?,,"Fri, 30 Jun 2023 08:13:12 GMT"
Our Best Reads of the Week,,"Fri, 30 Jun 2023 08:13:11 GMT"
Swiss Chalets Become Target Amid Eastern Europe’s Property Woes,,"Fri, 30 Jun 2023 08:13:11 GMT"
Supreme Court’s college-admissions decision could undermine race-based scholarships and financial aid,The affirmative action cases the Supreme Court decided on Thursday were focused on admissions practices at selective universities. But the court’s decision could have implications for how colleges of all types approach financial aid. It’s not uncommon for colleges to have race-conscious…,"Fri, 30 Jun 2023 08:12:12 GMT"
Machinist union voted to accept new contract offer from Spirit,"It has several changes from the offer workers overwhelmingly rejected last week. For Cornwell, the biggest change was “No overtime. That was really the sticking point that was going to try to make it mandatory on Saturdays. So that was a problem for a lot of people."" The new deal also keeps…","Fri, 30 Jun 2023 08:12:05 GMT"
There Is No National Housing Shortage,"About the authors: Kirk McClure is professor emeritus at the University of Kansas. Alex Schwartz is professor at the New School. There is a growing, bipartisan consensus that the U.S. suffers from a housing shortage, and that this shortage is at the root of the nation’s housing-affordability…","Fri, 30 Jun 2023 08:10:10 GMT"
‘Britain’s Got Talent’ Judge Amanda Holden To Helm ‘Bonkers’ Sky Docu-Drama About The History Of Sex,"From ancient Egypt to the 1970s, Britain’s Got Talent judge Amanda Holden is heading on a journey to explore the bonkers history of sex via a Sky docu-drama. Holden and TV historian Dan Jones are fronting the series for the Sky History channel and will also lead the dramatic elements of the…","Fri, 30 Jun 2023 08:10:05 GMT"
Are UFO Sightings Taking Off Again?,"July 2 marks World UFO Day. UFO belief has long been considered a fringe phenomenon, but those who ""want to believe"" were given a boost in 2021 as U.S. intelligence services delivered an official report on ""unidentified aerial phenomena"" to Congress. It showed that of all 143 unexplained sightings…","Fri, 30 Jun 2023 08:10:04 GMT"
Imagine your child calling for money. Except it’s not them,"This year, I was sent a link to a video of myself, passionately explaining why I had invested into a new technology company. In the video I spoke enthusiastically about the great faith I had in the company’s leadership and encouraged others to try the service out. The problem was, I had never met…","Fri, 30 Jun 2023 08:10:04 GMT"
Brick by brick: the British manufacturers building a better future for birds,"At first, it is hard to spot. A small hole in the eaves is often all that can be seen. It’s only on closer inspection that a hollow brick can be discerned, slotted neatly into a wall. Inside might be a pair of nesting swifts that have travelled thousands of miles from Africa to the UK. At…","Fri, 30 Jun 2023 08:10:04 GMT"
Former First Lady Melania Trump Launches New NFT Collection,"Melania Trump, the former first lady of the United States, has launched a new NFT collection to celebrate the country’s Independence Day, inspired by the nation’s iconic landmarks. The collection, called “The 1776 Collection,” consists of a six-piece range of NFTs consisting of images sourced from…","Fri, 30 Jun 2023 08:08:12 GMT"
Lanes of commerce between U.S. and China should be kept open,"Ker Gibbs is executive-in-residence at the University of San Francisco's Center for Business Studies and Innovation in Asia-Pacific and the editor of the new book, ""Selling to China: Stories of Success, Failure, and Constant Change"" (Palgrave Macmillan). He was previously president of the American…","Fri, 30 Jun 2023 08:08:12 GMT"
Shiba Inu Team Highlights the Latest Recognitions SHIB Has Gained in Asia,"Shiba Inu gains recognition with an inclusion in the new HKVAC Index and a listing from Japan SBI Group, establishing its credibility as a valuable digital asset. In a recent tweet, Lucie, the content marketer for Shiba Inu, provided an exciting summary of the latest update surrounding Shiba Inu…","Fri, 30 Jun 2023 08:08:07 GMT"
Ripple Legal Counsel Wants SEC and Chair to Be Held Accountable,"Calls for accountability at the United States Securities and Exchange Commission (SEC) are growing as many industry think tanks believe there is a conflict of interest among the leadership of the regulator. Stuart Alderoty, the chief legal counsel at Ripple Labs Inc, is one of those calling for…","Fri, 30 Jun 2023 08:08:07 GMT"
https://on.ft.com/3rb5sGD,No second paragraph found,"Fri, 30 Jun 2023 08:08:06 GMT"
Man who founded Your Black Muslim Bakery spinoff convicted of $34.6 million fraud scheme,"OAKLAND — Eight years after he was busted for using forged FBI credentials to acquire a security contract with the Port of Oakland, a Contra Costa man has been convicted of 44 felonies for a $34.6 million fraud scheme, court records show. The lengthy verdict form for Dahood Sharieff Bey, also…","Fri, 30 Jun 2023 08:08:05 GMT"
Pakistan Wins Initial IMF Agreement on Vital $3-Billion Bailout,"Pakistan has reached a preliminary agreement for a $3-billion bailout from the International Monetary Fund. The decision is a relief for the beleaguered South Asian nation, which has falling foreign reserves and has been on the edge of default for some time. The deal, which is subject to approval…","Fri, 30 Jun 2023 08:08:04 GMT"
Emotionally Intelligent People Add This Word During Conversation to Become Exceptionally Persuasive,The word was identified by a Harvard Professor 45 years ago. It still holds up today.,"Fri, 30 Jun 2023 08:04:10 GMT"
"Xi Jinping's Consumption-Led Growth Fad Will Suffer 'Silent Death,' Says Think Tank As China's Growth Stutters","The Chinese economy hasn't gained any meaningful momentum since its reopening in late 2022. Recent economic data have been bordering on the negative, confirming the soft patch. Experts at the Council on Foreign Relations have blamed Chinese President Xi Jinping for the economy's malaise. Traction…","Fri, 30 Jun 2023 08:04:07 GMT"
Why We're Falling For AI Wit More Than Human Charm: Elon Musk Weighs In,"A study has exposed the startling vulnerability of AI-generated tweets, prompting none other than Elon Musk, who acquired Twitter in October 2022, to share his insights on this perplexing phenomenon. What Happened: In a groundbreaking study published in the Science Advances journal, researchers…","Fri, 30 Jun 2023 08:04:07 GMT"
Markets Turn More Bullish As Bank Shares Rise On Stress Test Results,"The CNN Money Fear and Greed index showed further increase in overall sentiment among U.S. investors on Thursday. Bank stocks moved higher on Thursday following the Fed's stress test results, which showed all 23 banks tested remained above their minimum capital requirements during a hypothetical…","Fri, 30 Jun 2023 08:04:07 GMT"
Li Auto May Have Topped 30K Monthly Deliveries For 1st Time As CEO Reaffirms Big 2025 Goal,"What Happened: CEO Li Xiang said during a speech at the company’s eighth-anniversary celebration that the EV maker delivered more than 32,000 vehicles in June, reported CnEVPost. The company aims to sell 1.6 million units by 2025, the CEO added, reiterating earlier forecasts. If the numbers are…","Fri, 30 Jun 2023 08:04:07 GMT"
Freak Accident At Bangkok Airport Leads To Woman's Leg Amputation: Report,"In a shocking incident at Don Mueang International Airport in Bangkok, a 57-year-old Thai woman had her leg amputated following a severe accident involving a moving walkway. The accident occurred on Thursday morning in the domestic passenger terminal, CNN reports. Unexplained Accident The woman,…","Fri, 30 Jun 2023 08:04:06 GMT"
Trump Vows To Charge 100% Tariff On Chinese Goods If Xi Jinping Doesn't Shut Cuba Spy Base: 'They'd Be Gone Within One Hour',"Donald Trump said if he returned as president, he would give Chinese President Xi Jinping 48 hours to shut down China’s spy base in Cuba and if Beijing refused to accept his demand, his administration would impose new tariffs on Chinese goods. What Happened: Trump, in an interview with Reuters,…","Fri, 30 Jun 2023 08:04:06 GMT"
Solana Makes A Comeback: 15% Rally Signals Renewed Momentum,"has staged an impressive comeback, igniting renewed momentum in the crypto space with a decent 15% rally. The blockchain platform has been making significant strides as of late, particularly in the realm of non-fungible tokens (NFTs). Over the past few weeks, Solana’s NFT trade counts and trade…","Fri, 30 Jun 2023 08:04:05 GMT"
Charles Hoskinson Critiques Vitalik Buterin’s ‘Complicated’ Stance on Staking Ethereum,Charles Hoskinson stated he was at a “loss for words” regarding a statement by Vitalik Buterin on ETH staking. Some in the crypto community felt the same way. Cardano founder Charles Hoskinson published a tweet on June 29 that criticized Ethereum co-founder Vitalik Buterin’s stance on staking ETH.…,"Fri, 30 Jun 2023 08:04:05 GMT"
Stellantis signs deal with Kuniko for supply of battery materials,"Stellantis has signed an offtake and equity investment agreement with Australia-listed Kuniko, the latest of a string of deals aiming to give the carmaker stable supply of key materials for vehicle batteries. Based on the binding agreement, the Franco-Italian automaker will get 35% of future…","Fri, 30 Jun 2023 08:04:04 GMT"
"Central Banks, Green Finance, and the Climate Crisis","Yves here. Political scientist Tom Ferguson explains how economists and central bank models and approaches to climate change have thrown sand in the gears of the daunting task of shifting away from fossil fuels. Of course, economists are particularly allergic to policies that would require putting…","Fri, 30 Jun 2023 08:04:04 GMT"
"German Unemployment Total NSA Actual 2.550M (Forecast -, Previous 2.544M)",No second paragraph found,"Fri, 30 Jun 2023 08:00:09 GMT"
"German Unemployment Total SA Actual 2.610M (Forecast -, Previous 2.573M)",No second paragraph found,"Fri, 30 Jun 2023 08:00:09 GMT"
"German Unemployment Change SA Actual 28k (Forecast 14k, Previous 9k)",No second paragraph found,"Fri, 30 Jun 2023 08:00:09 GMT"
"German Unemployment Rate Actual 5.7% (Forecast 5.6%, Previous 5.6%)",No second paragraph found,"Fri, 30 Jun 2023 08:00:09 GMT"
Multiple hardware wallets?,No second paragraph found,"Fri, 30 Jun 2023 08:00:06 GMT"
The bane of crypto today is quantity over quality: Opinion,"Skimming through the pages of a well-known financial magazine, a peculiarity I never noticed caught my attention: Almost every other advertisement was related to luxury watches. With so many watchmakers around, what distinguishes one brand from another in a saturated market, and how do companies…","Fri, 30 Jun 2023 08:00:06 GMT"
"I know we like to joke about Cramer, but be careful going against him all the time. As we see from SJIM, it’s not wise to inverse everything he says",,"Fri, 30 Jun 2023 07:58:08 GMT"
"The court limited the reach of federal trademark law, making it harder for U.S. companies to sue foreign rivals who sell copycat products abroad","The Supreme Court split on the proper framework that should be applied in future cases. WASHINGTON—The Supreme Court on Thursday limited the reach of federal trademark law, making it harder for U.S. companies to sue foreign rivals who sell copycat products abroad.","Fri, 30 Jun 2023 07:58:06 GMT"
China’s Trip.com Rewards Workers With Childcare Cash for Babies,,"Fri, 30 Jun 2023 07:58:05 GMT"
Rakuten to launch free streaming channel in Poland,"Streaming company Rakuten TV is launching its first free, ad-supported channel in Poland next month. The channel, called Top Movies Polska, will offer Polish-language film content from European and Hollywood studios alike, and will be distributed through the Rakuten TV app across phones, tablets…","Fri, 30 Jun 2023 07:56:18 GMT"
Thames Water,"Thames Water - The Straw That Broke The UK's Back? Authored by Bill Blain via MorningPorridge.com, “Socialist governments traditionally do make a financial mess. They always run out of other people’s money.” The Thames Water debacle is shaping up to be a critical “Judder” moment for the UK. Public…","Fri, 30 Jun 2023 07:56:05 GMT"
Heatwaves: European Capitals With The Highest Risk For The Elderly,"Heatwaves: European Capitals With The Highest Risk For The Elderly Temperatures already started to climb in Spain last week with the first heatwave of the summer producing highs of up to 44°C (113°F) this week. As Statista's Martin Armstrong reports, heatwaves can have dramatic effects, especially…","Fri, 30 Jun 2023 07:56:05 GMT"
More than 600 arrested in France after third night of violence,No second paragraph found,"Fri, 30 Jun 2023 07:56:04 GMT"
BBC Weather forecasts 8C cold snap in UK due to glitch,"A technical glitch is causing BBC platforms to show users unusually low temperatures for their areas. Outside it may be warming up to the seasonal average, but visitors to BBC services are being told to brace for an autumnal 7C or 8C. BBC Weather has apologised for the rogue advice, blaming a…","Fri, 30 Jun 2023 07:56:04 GMT"
"Cathay Pacific short of 1,400 senior pilots: union","HONG KONG -- Cathay Pacific will not be able to return to pre-pandemic flight capacity unless it plugs a shortfall of 1,400 senior pilots, the airline's pilot union has said. The city's flagship airline said it planned to recruit a total of 800 cadet pilots this year and next as it slowly…","Fri, 30 Jun 2023 07:54:08 GMT"
SEC vs. Coinbase Hearing to Kick Off Much Earlier Than Expected,"According to a Thursday court order, the U.S. SEC will give its response to Coinbase’s defense on July 13. The hearing date is a lot sooner than previously anticipated. According to reports, Coinbase’s “creative” defense strategy is what led to the early date. The exchange submitted its initial…","Fri, 30 Jun 2023 07:54:08 GMT"
Ukraine latest: Hungary's Orban opposes EU plan to grant more money to Ukraine,"Political turmoil has rocked Russia. Warlord Yevgeny Prigozhin, the head of the Wagner mercenary group, took control of a southern Russian military outpost and then began an advance toward Moscow, only to reach an agreement to back down hours later. Meanwhile, Ukraine has begun its long-awaited…","Fri, 30 Jun 2023 07:54:08 GMT"
Top Analyst Says SEC Cases Against Ripple Execs “Are As Good As Lost”,"Mr. Huber believes the SEC will lose its case against Ripple execs- Brad Garlinghouse and Chris Larsen. As the crypto community continues to anticipate the summary judgment for the SEC vs. Ripple lawsuit, top XRP community member and analyst Mr. Huber (@leerzeit) has taken to Twitter to predict…","Fri, 30 Jun 2023 07:54:07 GMT"
Virgin Galactic launches commercial flights for space tourists,"For years, billionaire Richard Branson vowed that commercial space flights with his firm Virgin Galactic were just around the corner. That hype has finally became reality.","Fri, 30 Jun 2023 07:54:05 GMT"
Oil heads for first monthly gain this year as supply tightens,"Oil prices stayed steady on Friday with Brent poised for its first monthly gain this year, as a big drawdown in U.S. oil stocks outweighed concerns that fuel demand will be dented further by more interest rate rises. futures for September delivery rose 4 cents or 0.1% to stand at $74.54 as of 0631…","Fri, 30 Jun 2023 07:54:04 GMT"
The IMF agrees to a long-awaited bailout for Pakistan of $3 billion,The International Monetary Fund has agreed to provide $3 billion to Pakistan — a long-awaited relief to bail out the impoverished country’s ailing economy.,"Fri, 30 Jun 2023 07:53:05 GMT"
Never Skip A Korea Pump? Bitcoin Cash Soars 168% in 10 Days,"price has gone through the roof in recent days. Within the last ten days, the Bitcoin fork has risen by a staggering 168%, temporarily BCH was already up over 200% today. While Bitcoin Cash was still trading at $104 on June 20 and was stuck in a deep bull market that looked bad even compared to…","Fri, 30 Jun 2023 07:50:06 GMT"
"Mortgage applications steady despite rate rises, says Nationwide","However, the building society said the sharp increase in borrowing costs was likely to cause a ""significant drag"" on activity in the housing market. However, although the cost of borrowing money over longer terms had risen, it had ""yet to have the same negative impact on sentiment"", Mr Gardner…","Fri, 30 Jun 2023 07:48:03 GMT"
"The Most Romantic City in France Is Not Paris, According to This Chef",,"Fri, 30 Jun 2023 07:44:10 GMT"
HK Pro-Democracy Radio Station Shuts After Bank Account Frozen,,"Fri, 30 Jun 2023 07:44:10 GMT"
How DYDX may redeem itself after this latest update,"DYDX’s social dominance has been on the rise for the last few days. This means the token is receiving more attention from potential buyers. However, it is also worth noting that the supply held by top addresses fell in the last 4 weeks.","Fri, 30 Jun 2023 07:44:08 GMT"
